id;title;content;genre;date
1;Singapore Extremadura;../fake-data/blob/hipster.txt;Metal action-items;2023-01-24T10:34:04
2;leading-edge;../fake-data/blob/hipster.txt;copy 24/7 Artesanal;2023-01-24T05:49:53
3;Verde mission-critical Extremadura;../fake-data/blob/hipster.txt;revolutionize Mercados;2023-01-24T08:23:57
4;Enfocado Diseñador;../fake-data/blob/hipster.txt;system;2023-01-23T19:20:54
5;backing;../fake-data/blob/hipster.txt;payment Tácticas;2023-01-24T04:11:58
6;collaborative Comodos Zapatos;../fake-data/blob/hipster.txt;Amarillo withdrawal Sorprendente;2023-01-24T00:39:45
7;Acero Pollo;../fake-data/blob/hipster.txt;navigate generate;2023-01-24T12:05:53
8;Práctico Funcionario;../fake-data/blob/hipster.txt;XSS connecting;2023-01-23T23:05:52
9;Joyería synthesize;../fake-data/blob/hipster.txt;Fundamental redefine PCI;2023-01-23T21:32:29
10;initiatives Consultor;../fake-data/blob/hipster.txt;optical Cuentas;2023-01-24T06:09:58
